{"train/loss":NaN,"gpu/memory_allocated_MB":0,"_wandb":{"runtime":17},"train/mfu":-100,"gpu/max_memory_allocated_MB":0,"train/iter_time_ms":3343.34659576416,"_runtime":17.7540106,"train/tokens_per_sec_M":0.00022970995617774555,"train/tokens_trained_B":2.304e-06,"mfu":-100,"val/loss":NaN,"_step":2,"_timestamp":1.7494188547869265e+09,"iter":2,"lr":1.0000000000000001e-07,"train/grad_norm":0,"train/clip_rate":0.6666666666666666}